fila_secop1_lite,url,entidad,municipio,departamento,tipo_documento,n_documentos,nombres_pdf
480,https://www.contratos.gov.co/consultas/detalleProceso.do?numConstancia=19-4-9587254,CASANARE - EMPRESA DE ACUEDUCTO Y ALCANTARILLADO DE YOPAL,Yopal,Casanare,ESTUDIOS_PREVIOS,0,
481,https://www.contratos.gov.co/consultas/detalleProceso.do?numConstancia=19-21-11415,VALLE DEL CAUCA - ALCALDÍA MUNICIPIO DE CALI,Cali,Valle del Cauca,ESTUDIOS_PREVIOS,0,
482,https://www.contratos.gov.co/consultas/detalleProceso.do?numConstancia=19-21-14590,BOYACÁ - ALCALDÍA MUNICIPIO DE TUNJA,Tunja,Boyacá,ESTUDIOS_PREVIOS,0,
483,https://www.contratos.gov.co/consultas/detalleProceso.do?numConstancia=21-21-21705,VAUPÉS - ALCALDÍA MUNICIPIO DE MITÚ,Mitú,Vaupés,ESTUDIOS_PREVIOS,0,
484,https://www.contratos.gov.co/consultas/detalleProceso.do?numConstancia=19-1-207573,SANTANDER - ALCALDÍA MUNICIPIO DE EL GUACAMAYO,El Guacamayo,Santander,ESTUDIOS_PREVIOS,0,
485,https://www.contratos.gov.co/consultas/detalleProceso.do?numConstancia=21-4-11670334,ANTIOQUIA - EMPRESA DE SERVICIOS PÚBLICOS DE FRONTINO,Frontino,Antioquia,SIN_DOCUMENTO,0,
486,https://www.contratos.gov.co/consultas/detalleProceso.do?numConstancia=19-1-203823,SANTANDER - ALCALDÍA MUNICIPIO DE BARRANCABERMEJA,Barrancabermeja,Santander,SIN_DOCUMENTO,0,
487,https://www.contratos.gov.co/consultas/detalleProceso.do?numConstancia=19-21-10185,HUILA - GOBERNACIÓN,Neiva,Huila,SIN_DOCUMENTO,0,
488,https://www.contratos.gov.co/consultas/detalleProceso.do?numConstancia=22-21-30043,HUILA - ALCALDÍA MUNICIPIO DE GARZÓN,Garzón,Huila,SIN_DOCUMENTO,0,
489,https://www.contratos.gov.co/consultas/detalleProceso.do?numConstancia=21-21-29054,BOYACÁ - ALCALDÍA MUNICIPIO DE SABOYÁ,Saboyá,Boyacá,SIN_DOCUMENTO,0,
490,https://www.contratos.gov.co/consultas/detalleProceso.do?numConstancia=21-21-21634,ANTIOQUIA - ALCALDÍA MUNICIPIO DE SAN VICENTE,San Vicente,Antioquia,SIN_DOCUMENTO,0,
491,https://www.contratos.gov.co/consultas/detalleProceso.do?numConstancia=21-21-21233,GUAVIARE - ALCALDÍA MUNICIPIO DE SAN JOSÉ DEL GUAVIARE,San José del Guaviare,Guaviare,SIN_DOCUMENTO,0,
492,https://www.contratos.gov.co/consultas/detalleProceso.do?numConstancia=19-11-9750415,CAS - CORPORACIÓN AUTÓNOMA REGIONAL DE SANTANDER,Bucaramanga,Santander,SIN_DOCUMENTO,0,
493,https://www.contratos.gov.co/consultas/detalleProceso.do?numConstancia=19-1-200755,SANTANDER - ALCALDÍA MUNICIPIO DE BUCARAMANGA,Bucaramanga,Santander,SIN_DOCUMENTO,0,
494,https://www.contratos.gov.co/consultas/detalleProceso.do?numConstancia=21-11-12548092,SANTANDER - ALCALDÍA MUNICIPIO DE SAN VICENTE CHUCURÍ,San Vicente de Chucurí,Santander,ESTUDIOS_PREVIOS,0,
495,https://www.contratos.gov.co/consultas/detalleProceso.do?numConstancia=20-1-210253,RISARALDA - AEROPUERTO INTERNACIONAL MATECAÑA DE PEREIRA,Pereira,Risaralda,ESTUDIOS_PREVIOS,0,
496,https://www.contratos.gov.co/consultas/detalleProceso.do?numConstancia=21-21-25466,BOYACÁ - ALCALDÍA MUNICIPIO DE MIRAFLORES,Miraflores,Boyacá,ESTUDIOS_PREVIOS,0,
497,https://www.contratos.gov.co/consultas/detalleProceso.do?numConstancia=18-4-8397418,INSTITUTO COLOMBIANO DE BIENESTAR FAMILIAR (ICBF),Bogotá D.C.,Bogotá D.C.,SIN_DOCUMENTO,0,
498,https://www.contratos.gov.co/consultas/detalleProceso.do?numConstancia=19-1-203084,ANTIOQUIA - ALCALDÍA MUNICIPIO DE LA CEJA,La Ceja,Antioquia,SIN_DOCUMENTO,0,
499,https://www.contratos.gov.co/consultas/detalleProceso.do?numConstancia=21-1-221118,ANTIOQUIA - ALCALDÍA MUNICIPIO DE SANTUARIO,El Santuario,Antioquia,SIN_DOCUMENTO,0,
500,https://www.contratos.gov.co/consultas/detalleProceso.do?numConstancia=18-1-193038,ANTIOQUIA - ALCALDÍA MUNICIPIO DE ITAGÜÍ,Itagüí,Antioquia,SIN_DOCUMENTO,0,
501,https://www.contratos.gov.co/consultas/detalleProceso.do?numConstancia=18-4-8397378,INSTITUTO COLOMBIANO DE BIENESTAR FAMILIAR (ICBF),Bogotá D.C.,Bogotá D.C.,SIN_DOCUMENTO,0,
502,https://www.contratos.gov.co/consultas/detalleProceso.do?numConstancia=20-12-11156604,CUNDINAMARCA - ALCALDÍA MUNICIPIO DE CAJICÁ,Cajicá,Cundinamarca,SIN_DOCUMENTO,0,
503,https://www.contratos.gov.co/consultas/detalleProceso.do?numConstancia=20-4-10791788,VALLE DEL CAUCA - EMPRESAS PÚBLICAS MUNICIPALES DE CARTAGO,Cartago,Valle del Cauca,SIN_DOCUMENTO,0,
504,https://www.contratos.gov.co/consultas/detalleProceso.do?numConstancia=19-1-200641,CASANARE - ALCALDÍA MUNICIPIO DE VILLANUEVA,Villanueva,Casanare,SIN_DOCUMENTO,0,
505,https://www.contratos.gov.co/consultas/detalleProceso.do?numConstancia=23-21-41678,CASANARE - ALCALDÍA MUNICIPIO DE TAURAMENA,Tauramena,Casanare,SIN_DOCUMENTO,0,
506,https://www.contratos.gov.co/consultas/detalleProceso.do?numConstancia=18-21-3869,CASANARE - GOBERNACIÓN,Yopal,Casanare,SIN_DOCUMENTO,0,
507,https://www.contratos.gov.co/consultas/detalleProceso.do?numConstancia=19-21-11525,CAUCA - ALCALDÍA MUNICIPIO DE TOTORO,Totoró,Cauca,ESTUDIOS_PREVIOS,0,
508,https://www.contratos.gov.co/consultas/detalleProceso.do?numConstancia=18-21-6916,NORTE DE SANTANDER - GOBERNACIÓN,San José de Cúcuta,Norte De Santander,ESTUDIOS_PREVIOS,0,
509,https://www.contratos.gov.co/consultas/detalleProceso.do?numConstancia=18-21-6941,CUNDINAMARCA - ALCALDÍA MUNICIPIO DE TOCANCIPÁ,Tocancipá,Cundinamarca,ESTUDIOS_PREVIOS,0,
510,https://www.contratos.gov.co/consultas/detalleProceso.do?numConstancia=18-21-3496,CUNDINAMARCA - ALCALDÍA MUNICIPIO DE SIBATÉ,Sibaté,Cundinamarca,ESTUDIOS_PREVIOS,0,
511,https://www.contratos.gov.co/consultas/detalleProceso.do?numConstancia=18-4-8712821,ANTIOQUIA - AGENCIA DE DESARROLLO LOCAL DE ITAGÜÍ - ADELI,Itagüí,Antioquia,SIN_DOCUMENTO,0,
512,https://www.contratos.gov.co/consultas/detalleProceso.do?numConstancia=21-21-28788,ANTIOQUIA - ALCALDÍA MUNICIPIO DE SONSÓN,Sonsón,Antioquia,SIN_DOCUMENTO,0,
513,https://www.contratos.gov.co/consultas/detalleProceso.do?numConstancia=19-1-205785,ANTIOQUIA - ALCALDÍA MUNICIPIO DE JERICÓ,Jericó,Antioquia,SIN_DOCUMENTO,0,
514,https://www.contratos.gov.co/consultas/detalleProceso.do?numConstancia=21-4-11869597,NORTE DE SANTANDER - UNIVERSIDAD DE PAMPLONA,San José de Cúcuta,Norte De Santander,SIN_DOCUMENTO,0,
515,https://www.contratos.gov.co/consultas/detalleProceso.do?numConstancia=21-1-217785,TOLIMA - ALCALDÍA MUNICIPIO DE PURIFICACIÓN,Purificación,Tolima,SIN_DOCUMENTO,0,
516,https://www.contratos.gov.co/consultas/detalleProceso.do?numConstancia=22-11-12668037,CUNDINAMARCA - ALCALDÍA MUNICIPIO DE VILLAGÓMEZ,Villagómez,Cundinamarca,SIN_DOCUMENTO,0,
517,https://www.contratos.gov.co/consultas/detalleProceso.do?numConstancia=20-4-11390780,CORPOCALDAS - CORPORACIÓN AUTÓNOMA REGIONAL DE CALDAS,Manizales,Caldas,SIN_DOCUMENTO,0,
518,https://www.contratos.gov.co/consultas/detalleProceso.do?numConstancia=22-21-33289,SANTANDER - ALCALDÍA MUNICIPIO DE CABRERA,Cabrera,Santander,SIN_DOCUMENTO,0,
519,https://www.contratos.gov.co/consultas/detalleProceso.do?numConstancia=19-1-205311,ANTIOQUIA - ALCALDÍA MUNICIPIO DE ENVIGADO,Envigado,Antioquia,SIN_DOCUMENTO,0,
520,https://www.contratos.gov.co/consultas/detalleProceso.do?numConstancia=18-11-8814427,CUNDINAMARCA - ALCALDÍA MUNICIPIO DE TOCANCIPÁ,Tocancipá,Cundinamarca,ESTUDIOS_PREVIOS,0,
521,https://www.contratos.gov.co/consultas/detalleProceso.do?numConstancia=21-21-21774,ANTIOQUIA - ALCALDÍA MUNICIPIO DE TURBO,Turbo,Antioquia,ESTUDIOS_PREVIOS,0,
522,https://www.contratos.gov.co/consultas/detalleProceso.do?numConstancia=21-1-219659,HUILA - ALCALDÍA MUNICIPIO DE GARZÓN,Garzón,Huila,ESTUDIOS_PREVIOS,0,
523,https://www.contratos.gov.co/consultas/detalleProceso.do?numConstancia=21-21-22758,VICHADA - ALCALDÍA MUNICIPIO DE CUMARIBO,Cumaribo,Vichada,ESTUDIOS_PREVIOS,0,
524,https://www.contratos.gov.co/consultas/detalleProceso.do?numConstancia=19-21-15784,CASANARE - ALCALDÍA MUNICIPIO DE SABANALARGA,Sabanalarga,Casanare,SIN_DOCUMENTO,0,
525,https://www.contratos.gov.co/consultas/detalleProceso.do?numConstancia=19-21-7705,META - ALCALDÍA MUNICIPIO DE GUAMAL,Guamal,Meta,SIN_DOCUMENTO,0,
526,https://www.contratos.gov.co/consultas/detalleProceso.do?numConstancia=18-21-7257,SANTANDER - ALCALDÍA MUNICIPIO DE SOCORRO,Socorro,Santander,SIN_DOCUMENTO,0,
527,https://www.contratos.gov.co/consultas/detalleProceso.do?numConstancia=21-21-28799,ANTIOQUIA - ALCALDÍA MUNICIPIO DE MACEO,Maceo,Antioquia,SIN_DOCUMENTO,0,
528,https://www.contratos.gov.co/consultas/detalleProceso.do?numConstancia=19-1-199542,SANTANDER - INSTITUTO DE VIVIENDA DE INTERÉS SOCIAL Y REFORMA URBANA DE BUCARAMANGA,Bucaramanga,Santander,SIN_DOCUMENTO,0,
529,https://www.contratos.gov.co/consultas/detalleProceso.do?numConstancia=19-22-11020,INSTITUTO COLOMBIANO DE BIENESTAR FAMILIAR (ICBF),Bogotá D.C.,Bogotá D.C.,SIN_DOCUMENTO,0,
530,https://www.contratos.gov.co/consultas/detalleProceso.do?numConstancia=18-4-8812473,ANTIOQUIA - EMPRESA DE DESARROLLO URBANO EDU - MEDELLIN,Medellín,Antioquia,SIN_DOCUMENTO,0,
531,https://www.contratos.gov.co/consultas/detalleProceso.do?numConstancia=22-21-34453,CASANARE - ALCALDÍA MUNICIPIO DE TRINIDAD,Trinidad,Casanare,SIN_DOCUMENTO,0,
532,https://www.contratos.gov.co/consultas/detalleProceso.do?numConstancia=18-1-192759,BOYACÁ - ALCALDÍA MUNICIPIO DE MUZO,Muzo,Boyacá,SIN_DOCUMENTO,0,
533,https://www.contratos.gov.co/consultas/detalleProceso.do?numConstancia=22-21-30641,SANTANDER - ALCALDÍA MUNICIPIO DE SABANA DE TORRES,Sabana de Torres,Santander,ESTUDIOS_PREVIOS,0,
534,https://www.contratos.gov.co/consultas/detalleProceso.do?numConstancia=18-1-195811,BOYACÁ - ALCALDÍA MUNICIPIO DE TUNJA,Tunja,Boyacá,ESTUDIOS_PREVIOS,0,
535,https://www.contratos.gov.co/consultas/detalleProceso.do?numConstancia=22-21-31927,TOLIMA - ALCALDÍA MUNICIPIO DE PURIFICACIÓN,Purificación,Tolima,ESTUDIOS_PREVIOS,0,
536,https://www.contratos.gov.co/consultas/detalleProceso.do?numConstancia=21-21-25255,BOYACÁ - ALCALDÍA MUNICIPIO DE TIBASOSA,Tibasosa,Boyacá,MATRIZ_RIESGOS,0,
537,https://www.contratos.gov.co/consultas/detalleProceso.do?numConstancia=23-21-36510,VICHADA - ALCALDÍA MUNICIPIO DE CUMARIBO,Cumaribo,Vichada,SIN_DOCUMENTO,0,
538,https://www.contratos.gov.co/consultas/detalleProceso.do?numConstancia=20-21-16655,META - ALCALDÍA MUNICIPIO DE RESTREPO,Restrepo,Meta,SIN_DOCUMENTO,0,
539,https://www.contratos.gov.co/consultas/detalleProceso.do?numConstancia=19-21-9053,BOYACÁ - ALCALDÍA MUNICIPIO DE SOGAMOSO,Sogamoso,Boyacá,SIN_DOCUMENTO,0,
540,https://www.contratos.gov.co/consultas/detalleProceso.do?numConstancia=21-21-26013,CORPORACIÓN AUTÓNOMA REGIONAL DEL GUAVIO,Gachalá,Cundinamarca,SIN_DOCUMENTO,0,
541,https://www.contratos.gov.co/consultas/detalleProceso.do?numConstancia=18-21-7247,BOYACÁ - EMPRESAS PUBLICAS DE BOYACÁ S.A E.S.P,Tunja,Boyacá,SIN_DOCUMENTO,0,
542,https://www.contratos.gov.co/consultas/detalleProceso.do?numConstancia=19-21-15660,META - ALCALDÍA MUNICIPIO DE SAN MARTÍN DE LOS LLANOS,San Martín,Meta,SIN_DOCUMENTO,0,
543,https://www.contratos.gov.co/consultas/detalleProceso.do?numConstancia=21-21-29045,GUAVIARE - ALCALDÍA MUNICIPIO DE SAN JOSÉ DEL GUAVIARE,San José del Guaviare,Guaviare,SIN_DOCUMENTO,0,
544,https://www.contratos.gov.co/consultas/detalleProceso.do?numConstancia=18-21-6980,CUNDINAMARCA - ALCALDÍA MUNICIPIO DE TOCANCIPÁ,Tocancipá,Cundinamarca,SIN_DOCUMENTO,0,
545,https://www.contratos.gov.co/consultas/detalleProceso.do?numConstancia=18-4-7966123,VALLE DEL CAUCA - EMPRESAS PÚBLICAS MUNICIPALES DE CARTAGO,Cartago,Valle del Cauca,SIN_DOCUMENTO,0,
546,https://www.contratos.gov.co/consultas/detalleProceso.do?numConstancia=21-1-218779,META - ALCALDÍA MUNICIPIO DE LA URIBE,Uribe,Meta,ESTUDIOS_PREVIOS,0,
547,https://www.contratos.gov.co/consultas/detalleProceso.do?numConstancia=18-1-191428,NARIÑO - ALCALDÍA MUNICIPIO DE LA LLANADA,La Llanada,Nariño,ESTUDIOS_PREVIOS,0,
548,https://www.contratos.gov.co/consultas/detalleProceso.do?numConstancia=22-21-31692,CUNDINAMARCA - ALCALDÍA MUNICIPIO DE SASAIMA,Sasaima,Cundinamarca,MATRIZ_RIESGOS,0,
549,https://www.contratos.gov.co/consultas/detalleProceso.do?numConstancia=23-11-13650972,META - ALCALDÍA MUNICIPIO DE SAN MARTÍN DE LOS LLANOS,San Martín,Meta,ESTUDIOS_PREVIOS,0,
550,https://www.contratos.gov.co/consultas/detalleProceso.do?numConstancia=19-22-4150,INSTITUTO COLOMBIANO DE BIENESTAR FAMILIAR (ICBF),Bogotá D.C.,Bogotá D.C.,SIN_DOCUMENTO,0,
551,https://www.contratos.gov.co/consultas/detalleProceso.do?numConstancia=19-4-9521325,ANTIOQUIA - TERMINALES DE TRANSPORTE DE MEDELLÍN S.A.,Medellín,Antioquia,SIN_DOCUMENTO,0,
552,https://www.contratos.gov.co/consultas/detalleProceso.do?numConstancia=19-21-8636,BOYACÁ - ALCALDÍA MUNICIPIO DE RAMIRIQUÍ,Ramiriquí,Boyacá,SIN_DOCUMENTO,0,
553,https://www.contratos.gov.co/consultas/detalleProceso.do?numConstancia=21-1-219479,GUAINÍA - ALCALDÍA MUNICIPIO DE INÍRIDA,Inírida,Guainía,SIN_DOCUMENTO,0,
554,https://www.contratos.gov.co/consultas/detalleProceso.do?numConstancia=19-11-9082783,CAR - CORPORACIÓN AUTÓNOMA REGIONAL DE CUNDINAMARCA,Bogotá D.C.,Bogotá D.C.,SIN_DOCUMENTO,0,
555,https://www.contratos.gov.co/consultas/detalleProceso.do?numConstancia=23-21-35938,CUNDINAMARCA - ALCALDÍA MUNICIPIO DE UBAQUE,Ubaque,Cundinamarca,SIN_DOCUMENTO,0,
556,https://www.contratos.gov.co/consultas/detalleProceso.do?numConstancia=19-1-204738,ANTIOQUIA - ALCALDÍA MUNICIPIO DE SAN JERÓNIMO,San Jerónimo,Antioquia,SIN_DOCUMENTO,0,
557,https://www.contratos.gov.co/consultas/detalleProceso.do?numConstancia=18-1-194510,LA GUAJIRA - ALCALDÍA MUNICIPIO DE SAN JUAN DEL CESAR,San Juan del Cesar,La Guajira,SIN_DOCUMENTO,0,
558,https://www.contratos.gov.co/consultas/detalleProceso.do?numConstancia=19-22-6592,INSTITUTO COLOMBIANO DE BIENESTAR FAMILIAR (ICBF),Bogotá D.C.,Bogotá D.C.,SIN_DOCUMENTO,0,
559,https://www.contratos.gov.co/consultas/detalleProceso.do?numConstancia=18-4-8524041,ANTIOQUIA - EMPRESA DE DESARROLLO URBANO EDU - MEDELLIN,Medellín,Antioquia,SIN_DOCUMENTO,0,
560,https://www.contratos.gov.co/consultas/detalleProceso.do?numConstancia=19-21-14739,SANTANDER - UNIDADES TECNOLÓGICAS DE SANTANDER,Bucaramanga,Santander,ESTUDIOS_PREVIOS,0,
561,https://www.contratos.gov.co/consultas/detalleProceso.do?numConstancia=21-4-11644492,TOLIMA - EMPRESA IBAGUEREÑA DE ACUEDUCTO Y ALCANTARILLADO IBAL S.A. E.S.P.,Ibagué,Tolima,SIN_DOCUMENTO,0,
562,https://www.contratos.gov.co/consultas/detalleProceso.do?numConstancia=21-1-221074,SANTANDER - ALCALDÍA MUNICIPIO DE ONZAGA,Onzaga,Santander,MATRIZ_RIESGOS,0,
563,https://www.contratos.gov.co/consultas/detalleProceso.do?numConstancia=22-21-29640,SANTANDER - ALCALDÍA MUNICIPIO DE ARATOCA,Aratoca,Santander,SIN_DOCUMENTO,0,
564,https://www.contratos.gov.co/consultas/detalleProceso.do?numConstancia=20-21-17217,BOYACÁ - ALCALDÍA MUNICIPIO DE TIBASOSA,Tibasosa,Boyacá,SIN_DOCUMENTO,0,
565,https://www.contratos.gov.co/consultas/detalleProceso.do?numConstancia=20-21-18939,CVC - CORPORACIÓN AUTÓNOMA REGIONAL DEL VALLE DEL CAUCA,Cali,Valle del Cauca,SIN_DOCUMENTO,0,
566,https://www.contratos.gov.co/consultas/detalleProceso.do?numConstancia=19-21-10886,CVC - CORPORACIÓN AUTÓNOMA REGIONAL DEL VALLE DEL CAUCA,Cali,Valle del Cauca,SIN_DOCUMENTO,0,
567,https://www.contratos.gov.co/consultas/detalleProceso.do?numConstancia=19-11-9457245,SANTANDER - ALCALDÍA MUNICIPIO DE GIRÓN,Girón,Santander,SIN_DOCUMENTO,0,
568,https://www.contratos.gov.co/consultas/detalleProceso.do?numConstancia=18-21-7024,NORTE DE SANTANDER - ALCALDÍA MUNICIPIO DE CÚCUTA,San José de Cúcuta,Norte De Santander,SIN_DOCUMENTO,0,
569,https://www.contratos.gov.co/consultas/detalleProceso.do?numConstancia=22-21-31671,BOYACÁ - ALCALDÍA MUNICIPIO DE TIBASOSA,Tibasosa,Boyacá,SIN_DOCUMENTO,0,
570,https://www.contratos.gov.co/consultas/detalleProceso.do?numConstancia=21-21-21175,ANTIOQUIA - ALCALDÍA MUNICIPIO DE PUERTO TRIUNFO,Puerto Triunfo,Antioquia,SIN_DOCUMENTO,0,
571,https://www.contratos.gov.co/consultas/detalleProceso.do?numConstancia=22-11-13034516,SANTANDER - ALCALDÍA MUNICIPIO DE GALÁN,Galán,Santander,SIN_DOCUMENTO,0,
572,https://www.contratos.gov.co/consultas/detalleProceso.do?numConstancia=19-22-10074,INSTITUTO COLOMBIANO DE BIENESTAR FAMILIAR (ICBF),Bogotá D.C.,Bogotá D.C.,SIN_DOCUMENTO,0,
573,https://www.contratos.gov.co/consultas/detalleProceso.do?numConstancia=18-21-3643,BOGOTÁ D.C. - SECRETARÍA DISTRITAL DE MOVILIDAD,Bogotá D.C.,Bogotá D.C.,MATRIZ_RIESGOS,0,
574,https://www.contratos.gov.co/consultas/detalleProceso.do?numConstancia=19-21-13001,SANTANDER - GOBERNACIÓN,Bucaramanga,Santander,MATRIZ_RIESGOS,0,
575,https://www.contratos.gov.co/consultas/detalleProceso.do?numConstancia=21-21-24781,ANTIOQUIA - ALCALDÍA MUNICIPIO DE PUERTO NARE,Puerto Nare,Antioquia,MATRIZ_RIESGOS,0,
576,https://www.contratos.gov.co/consultas/detalleProceso.do?numConstancia=21-1-214517,SUCRE - ALCALDÍA MUNICIPIO DE MORROA,Morroa,Sucre,SIN_DOCUMENTO,0,
577,https://www.contratos.gov.co/consultas/detalleProceso.do?numConstancia=22-21-34927,NARIÑO - ALCALDÍA MUNICIPIO DE POLICARPA,Policarpa,Nariño,SIN_DOCUMENTO,0,
578,https://www.contratos.gov.co/consultas/detalleProceso.do?numConstancia=19-21-7798,BOYACÁ - ALCALDÍA MUNICIPIO DE SANTANA,Santana,Boyacá,SIN_DOCUMENTO,0,
579,https://www.contratos.gov.co/consultas/detalleProceso.do?numConstancia=19-22-6456,INSTITUTO COLOMBIANO DE BIENESTAR FAMILIAR (ICBF),Bogotá D.C.,Bogotá D.C.,SIN_DOCUMENTO,0,
580,https://www.contratos.gov.co/consultas/detalleProceso.do?numConstancia=22-21-31939,CASANARE - ALCALDÍA MUNICIPIO DE MONTERREY,Monterrey,Casanare,SIN_DOCUMENTO,0,
581,https://www.contratos.gov.co/consultas/detalleProceso.do?numConstancia=18-4-8744522,CUNDINAMARCA - UNIVERSIDAD DE CUNDINAMARCA - FUSAGASUGÁ,Fusagasugá,Cundinamarca,SIN_DOCUMENTO,0,
582,https://www.contratos.gov.co/consultas/detalleProceso.do?numConstancia=19-22-4269,INSTITUTO COLOMBIANO DE BIENESTAR FAMILIAR (ICBF),Bogotá D.C.,Bogotá D.C.,SIN_DOCUMENTO,0,
583,https://www.contratos.gov.co/consultas/detalleProceso.do?numConstancia=21-4-12064323,ANTIOQUIA - EMPRESA DE VIVIENDA Y DESARROLLO URBANO Y RURAL DEL MUNICIPIO DE ENVIGADO DESUR - ENVIGADO,Envigado,Antioquia,SIN_DOCUMENTO,0,
584,https://www.contratos.gov.co/consultas/detalleProceso.do?numConstancia=22-21-30440,SANTANDER - ALCALDÍA MUNICIPIO DE SAN VICENTE CHUCURÍ,San Vicente de Chucurí,Santander,SIN_DOCUMENTO,0,
585,https://www.contratos.gov.co/consultas/detalleProceso.do?numConstancia=19-21-10290,SANTANDER - ALCALDÍA MUNICIPIO DE SABANA DE TORRES,Sabana de Torres,Santander,ESTUDIOS_PREVIOS,0,
586,https://www.contratos.gov.co/consultas/detalleProceso.do?numConstancia=18-1-186225,BOYACÁ - ALCALDÍA MUNICIPIO DE DUITAMA,Duitama,Boyacá,ESTUDIOS_PREVIOS,0,
587,https://www.contratos.gov.co/consultas/detalleProceso.do?numConstancia=19-22-4564,INSTITUTO COLOMBIANO DE BIENESTAR FAMILIAR (ICBF),Bogotá D.C.,Bogotá D.C.,SIN_DOCUMENTO,0,
588,https://www.contratos.gov.co/consultas/detalleProceso.do?numConstancia=22-21-32657,CUNDINAMARCA - ALCALDÍA MUNICIPIO DE EL ROSAL,El Rosal,Cundinamarca,ESTUDIOS_PREVIOS,0,
589,https://www.contratos.gov.co/consultas/detalleProceso.do?numConstancia=21-4-11891812,ELECTRIFICADORA DEL HUILA S.A. E.S.P.,Neiva,Huila,SIN_DOCUMENTO,0,
590,https://www.contratos.gov.co/consultas/detalleProceso.do?numConstancia=21-4-11799036,ANTIOQUIA - EMPRESA DE DESARROLLO SOSTENIBLE DEL ORIENTE EDESO - RIONEGRO,Rionegro,Antioquia,SIN_DOCUMENTO,0,
591,https://www.contratos.gov.co/consultas/detalleProceso.do?numConstancia=18-4-8397207,INSTITUTO COLOMBIANO DE BIENESTAR FAMILIAR (ICBF),Bogotá D.C.,Bogotá D.C.,SIN_DOCUMENTO,0,
592,https://www.contratos.gov.co/consultas/detalleProceso.do?numConstancia=19-22-4277,INSTITUTO COLOMBIANO DE BIENESTAR FAMILIAR (ICBF),Bogotá D.C.,Bogotá D.C.,SIN_DOCUMENTO,0,
593,https://www.contratos.gov.co/consultas/detalleProceso.do?numConstancia=22-21-35170,CUNDINAMARCA - ALCALDÍA MUNICIPIO DE GUATAVITA,Guatavita,Cundinamarca,SIN_DOCUMENTO,0,
594,https://www.contratos.gov.co/consultas/detalleProceso.do?numConstancia=20-4-11091140,CUNDINAMARCA - EMPRESAS PÚBLICAS DE NILO,Nilo,Cundinamarca,SIN_DOCUMENTO,0,
595,https://www.contratos.gov.co/consultas/detalleProceso.do?numConstancia=20-4-10842994,ANTIOQUIA - EMPRESA DE DESARROLLO URBANO EDU - MEDELLIN,Medellín,Antioquia,SIN_DOCUMENTO,0,
596,https://www.contratos.gov.co/consultas/detalleProceso.do?numConstancia=19-22-3964,INSTITUTO COLOMBIANO DE BIENESTAR FAMILIAR (ICBF),Bogotá D.C.,Bogotá D.C.,SIN_DOCUMENTO,0,
597,https://www.contratos.gov.co/consultas/detalleProceso.do?numConstancia=19-22-4153,INSTITUTO COLOMBIANO DE BIENESTAR FAMILIAR (ICBF),Bogotá D.C.,Bogotá D.C.,SIN_DOCUMENTO,0,
598,https://www.contratos.gov.co/consultas/detalleProceso.do?numConstancia=18-21-5873,CVC - CORPORACIÓN AUTÓNOMA REGIONAL DEL VALLE DEL CAUCA,Cali,Valle del Cauca,ESTUDIOS_PREVIOS,0,
599,https://www.contratos.gov.co/consultas/detalleProceso.do?numConstancia=19-12-9616099,CORNARE - CORPORACIÓN AUTÓNOMA REGIONAL DE LAS CUENCAS DE RÍOS NEGRO Y NARE,Medellín,Antioquia,SIN_DOCUMENTO,0,
600,https://www.contratos.gov.co/consultas/detalleProceso.do?numConstancia=21-21-21064,CUNDINAMARCA - ALCALDÍA MUNICIPIO DE UBATÉ,Villa de San Diego de Ubate,Cundinamarca,ESTUDIOS_PREVIOS,0,
601,https://www.contratos.gov.co/consultas/detalleProceso.do?numConstancia=21-4-12235138,CUNDINAMARCA - EMSERCOTA S.A. E.S.P. - COTA,Cota,Cundinamarca,ESTUDIOS_PREVIOS,0,
602,https://www.contratos.gov.co/consultas/detalleProceso.do?numConstancia=22-21-34729,GUAVIARE - GOBERNACIÓN,San José del Guaviare,Guaviare,SIN_DOCUMENTO,0,
603,https://www.contratos.gov.co/consultas/detalleProceso.do?numConstancia=19-4-9266628,ANTIOQUIA - EMPRESA DE SERVICIOS PÚBLICOS DE SAN JOSÉ DE LA MARINILLA E.S.P.,Marinilla,Antioquia,SIN_DOCUMENTO,0,
604,https://www.contratos.gov.co/consultas/detalleProceso.do?numConstancia=20-4-10770330,SANTANDER - E.S.P. AGUAS DE BARRANCABERMEJA S.A. - BARRANCABERMEJA,Barrancabermeja,Santander,SIN_DOCUMENTO,0,
605,https://www.contratos.gov.co/consultas/detalleProceso.do?numConstancia=18-21-7426,CASANARE - ALCALDÍA MUNICIPIO DE SABANALARGA,Sabanalarga,Casanare,SIN_DOCUMENTO,0,
606,https://www.contratos.gov.co/consultas/detalleProceso.do?numConstancia=18-4-7492711,INSTITUTO NACIONAL DE CANCEROLOGÍA,Bogotá D.C.,Bogotá D.C.,SIN_DOCUMENTO,0,
607,https://www.contratos.gov.co/consultas/detalleProceso.do?numConstancia=19-21-11512,VALLE DEL CAUCA - ALCALDÍA MUNICIPIO DE YUMBO,Yumbo,Valle del Cauca,SIN_DOCUMENTO,0,
608,https://www.contratos.gov.co/consultas/detalleProceso.do?numConstancia=19-4-9790569,VALLE DEL CAUCA - E.S.E. RED DE SALUD DEL CENTRO - CALI,Cali,Valle del Cauca,SIN_DOCUMENTO,0,
609,https://www.contratos.gov.co/consultas/detalleProceso.do?numConstancia=19-22-3976,INSTITUTO COLOMBIANO DE BIENESTAR FAMILIAR (ICBF),Bogotá D.C.,Bogotá D.C.,SIN_DOCUMENTO,0,
610,https://www.contratos.gov.co/consultas/detalleProceso.do?numConstancia=18-21-5975,META - ALCALDÍA MUNICIPIO DE PUERTO GAITÁN,Puerto Gaitán,Meta,SIN_DOCUMENTO,0,
611,https://www.contratos.gov.co/consultas/detalleProceso.do?numConstancia=21-4-12070843,NORTE DE SANTANDER - EIS CÚCUTA S.A. E.S.P. - EMPRESA DE ACUEDUCTO Y ALCANTARILLADO DE CÚCUTA,San José de Cúcuta,Norte De Santander,ESTUDIOS_PREVIOS,0,
612,https://www.contratos.gov.co/consultas/detalleProceso.do?numConstancia=19-22-3584,INSTITUTO COLOMBIANO DE BIENESTAR FAMILIAR (ICBF),Bogotá D.C.,Bogotá D.C.,SIN_DOCUMENTO,0,
613,https://www.contratos.gov.co/consultas/detalleProceso.do?numConstancia=21-21-21609,CUNDINAMARCA - ALCALDÍA MUNICIPIO DE GUASCA,Guasca,Cundinamarca,ESTUDIOS_PREVIOS,0,
614,https://www.contratos.gov.co/consultas/detalleProceso.do?numConstancia=21-21-25528,BOYACÁ - ALCALDÍA MUNICIPIO DE TUTA,Tuta,Boyacá,ESTUDIOS_PREVIOS,0,
615,https://www.contratos.gov.co/consultas/detalleProceso.do?numConstancia=21-1-214743,ANTIOQUIA - ALCALDÍA MUNICIPIO DE SEGOVIA,Segovia,Antioquia,SIN_DOCUMENTO,0,
616,https://www.contratos.gov.co/consultas/detalleProceso.do?numConstancia=19-22-4267,INSTITUTO COLOMBIANO DE BIENESTAR FAMILIAR (ICBF),Bogotá D.C.,Bogotá D.C.,SIN_DOCUMENTO,0,
617,https://www.contratos.gov.co/consultas/detalleProceso.do?numConstancia=19-22-11183,INSTITUTO COLOMBIANO DE BIENESTAR FAMILIAR (ICBF),Bogotá D.C.,Bogotá D.C.,SIN_DOCUMENTO,0,
618,https://www.contratos.gov.co/consultas/detalleProceso.do?numConstancia=19-21-10204,SUCRE - ALCALDÍA MUNICIPIO DE SINCELEJO,Sincelejo,Sucre,SIN_DOCUMENTO,0,
619,https://www.contratos.gov.co/consultas/detalleProceso.do?numConstancia=19-21-13866,HUILA - GOBERNACIÓN,Neiva,Huila,SIN_DOCUMENTO,0,
620,https://www.contratos.gov.co/consultas/detalleProceso.do?numConstancia=21-4-11988929,SANTANDER - E.S.P. AGUAS DE BARRANCABERMEJA S.A. - BARRANCABERMEJA,Barrancabermeja,Santander,SIN_DOCUMENTO,0,
621,https://www.contratos.gov.co/consultas/detalleProceso.do?numConstancia=18-1-187110,CUNDINAMARCA - ALCALDÍA MUNICIPIO DE FACATATIVÁ,Facatativá,Cundinamarca,SIN_DOCUMENTO,0,
622,https://www.contratos.gov.co/consultas/detalleProceso.do?numConstancia=19-22-4145,INSTITUTO COLOMBIANO DE BIENESTAR FAMILIAR (ICBF),Bogotá D.C.,Bogotá D.C.,SIN_DOCUMENTO,0,
623,https://www.contratos.gov.co/consultas/detalleProceso.do?numConstancia=21-21-26997,ANTIOQUIA - ALCALDÍA MUNICIPIO DE PUERTO NARE,Puerto Nare,Antioquia,SIN_DOCUMENTO,0,
624,https://www.contratos.gov.co/consultas/detalleProceso.do?numConstancia=21-4-11904538,ELECTRIFICADORA DEL HUILA S.A. E.S.P.,Neiva,Huila,SIN_DOCUMENTO,0,
625,https://www.contratos.gov.co/consultas/detalleProceso.do?numConstancia=21-4-11952638,ANTIOQUIA - EMPRESA PARA EL DESARROLLO URBANO Y HABITAT DEL MUNICIPIO DE APARTADÓ,Apartadó,Antioquia,ESTUDIOS_PREVIOS,0,
626,https://www.contratos.gov.co/consultas/detalleProceso.do?numConstancia=22-12-13043049,ANTIOQUIA - ALCALDÍA MUNICIPIO DE DABEIBA,Dabeiba,Antioquia,SIN_DOCUMENTO,0,
627,https://www.contratos.gov.co/consultas/detalleProceso.do?numConstancia=19-21-13808,META - ALCALDÍA MUNICIPIO DE ACACIAS,Acacías,Meta,ESTUDIOS_PREVIOS,0,
628,https://www.contratos.gov.co/consultas/detalleProceso.do?numConstancia=20-21-17812,GUAVIARE - GOBERNACIÓN,San José del Guaviare,Guaviare,SIN_DOCUMENTO,0,
629,https://www.contratos.gov.co/consultas/detalleProceso.do?numConstancia=19-21-8697,CUNDINAMARCA - ALCALDÍA MUNICIPIO DE PASCA,Pasca,Cundinamarca,SIN_DOCUMENTO,0,
630,https://www.contratos.gov.co/consultas/detalleProceso.do?numConstancia=19-21-9903,ANTIOQUIA - ALCALDÍA MUNICIPIO DE BARBOSA,Barbosa,Antioquia,SIN_DOCUMENTO,0,
631,https://www.contratos.gov.co/consultas/detalleProceso.do?numConstancia=19-21-15552,GUAVIARE - GOBERNACIÓN,San José del Guaviare,Guaviare,SIN_DOCUMENTO,0,
632,https://www.contratos.gov.co/consultas/detalleProceso.do?numConstancia=19-11-9766932,ANTIOQUIA - ALCALDÍA MUNICIPIO DE CIUDAD BOLÍVAR,Ciudad Bolívar,Antioquia,SIN_DOCUMENTO,0,
633,https://www.contratos.gov.co/consultas/detalleProceso.do?numConstancia=18-21-6655,ANTIOQUIA - ALCALDÍA MUNICIPIO DE CIUDAD BOLÍVAR,Ciudad Bolívar,Antioquia,SIN_DOCUMENTO,0,
634,https://www.contratos.gov.co/consultas/detalleProceso.do?numConstancia=21-21-24718,VICHADA - ALCALDÍA MUNICIPIO DE CUMARIBO,Cumaribo,Vichada,SIN_DOCUMENTO,0,
635,https://www.contratos.gov.co/consultas/detalleProceso.do?numConstancia=18-21-5137,NORTE DE SANTANDER - ALCALDÍA MUNICIPIO DE TIBÚ,Tibú,Norte De Santander,SIN_DOCUMENTO,0,
636,https://www.contratos.gov.co/consultas/detalleProceso.do?numConstancia=22-4-13365210,NORTE DE SANTANDER - EMPRESAS PÚBLICAS MUNICIPALES DE CHINACOTA E.S.P. - EMCHINAC E.S.P.,Chinácota,Norte De Santander,SIN_DOCUMENTO,0,
637,https://www.contratos.gov.co/consultas/detalleProceso.do?numConstancia=20-21-18704,SANTANDER - UNIDADES TECNOLÓGICAS DE SANTANDER,Bucaramanga,Santander,ESTUDIOS_PREVIOS,0,
638,https://www.contratos.gov.co/consultas/detalleProceso.do?numConstancia=22-21-29741,SANTANDER - ALCALDÍA MUNICIPIO DE FLORIÁN,Florián,Santander,ESTUDIOS_PREVIOS,0,
639,https://www.contratos.gov.co/consultas/detalleProceso.do?numConstancia=20-21-20281,CASANARE - ALCALDÍA MUNICIPIO DE MONTERREY,Monterrey,Casanare,ESTUDIOS_PREVIOS,0,
640,https://www.contratos.gov.co/consultas/detalleProceso.do?numConstancia=19-22-6333,INSTITUTO COLOMBIANO DE BIENESTAR FAMILIAR (ICBF),Bogotá D.C.,Bogotá D.C.,SIN_DOCUMENTO,0,
641,https://www.contratos.gov.co/consultas/detalleProceso.do?numConstancia=18-21-2792,ANTIOQUIA - ALCALDÍA MUNICIPIO DE SANTA ROSA DE OSOS,Santa Rosa de Osos,Antioquia,SIN_DOCUMENTO,0,
642,https://www.contratos.gov.co/consultas/detalleProceso.do?numConstancia=18-21-4551,VALLE DEL CAUCA - GOBERNACIÓN,Cali,Valle del Cauca,SIN_DOCUMENTO,0,
643,https://www.contratos.gov.co/consultas/detalleProceso.do?numConstancia=21-1-214597,ANTIOQUIA - ALCALDÍA MUNICIPIO DE SANTUARIO,El Santuario,Antioquia,SIN_DOCUMENTO,0,
644,https://www.contratos.gov.co/consultas/detalleProceso.do?numConstancia=19-21-8522,CHOCÓ - ALCALDÍA MUNICIPIO DE EL CARMEN DE ATRATO,El Carmen de Atrato,Chocó,SIN_DOCUMENTO,0,
645,https://www.contratos.gov.co/consultas/detalleProceso.do?numConstancia=18-1-193010,SANTANDER - ALCALDÍA MUNICIPIO DE BUCARAMANGA,Bucaramanga,Santander,SIN_DOCUMENTO,0,
646,https://www.contratos.gov.co/consultas/detalleProceso.do?numConstancia=19-12-9040049,ANTIOQUIA - ALCALDÍA MUNICIPIO DE GRANADA,Granada,Antioquia,SIN_DOCUMENTO,0,
647,https://www.contratos.gov.co/consultas/detalleProceso.do?numConstancia=23-21-35659,BOYACÁ - ALCALDÍA MUNICIPIO DE PAUNA,Pauna,Boyacá,SIN_DOCUMENTO,0,
648,https://www.contratos.gov.co/consultas/detalleProceso.do?numConstancia=18-1-185428,ANTIOQUIA - ALCALDÍA MUNICIPIO DE GIRARDOTA,Girardota,Antioquia,SIN_DOCUMENTO,0,
649,https://www.contratos.gov.co/consultas/detalleProceso.do?numConstancia=18-1-193670,ANTIOQUIA - ALCALDÍA MUNICIPIO DE REMEDIOS,Remedios,Antioquia,SIN_DOCUMENTO,0,
650,https://www.contratos.gov.co/consultas/detalleProceso.do?numConstancia=20-4-11005604,SANTANDER - ALCALDÍA MUNICIPIO DE PIEDECUESTA,Piedecuesta,Santander,ESTUDIOS_PREVIOS,0,
651,https://www.contratos.gov.co/consultas/detalleProceso.do?numConstancia=19-21-8407,CAUCA - ALCALDÍA MUNICIPIO DE MORALES,Morales,Cauca,ESTUDIOS_PREVIOS,0,
652,https://www.contratos.gov.co/consultas/detalleProceso.do?numConstancia=21-4-11886064,ANTIOQUIA - EMPRESA DE DESARROLLO SOSTENIBLE DEL ORIENTE EDESO - RIONEGRO,Rionegro,Antioquia,MATRIZ_RIESGOS,0,
653,https://www.contratos.gov.co/consultas/detalleProceso.do?numConstancia=19-21-10668,ANTIOQUIA - DISTRITO ESPECIAL DE CIENCIA; TECNOLOGICA E INNOVACION DE MEDELLIN,Medellín,Antioquia,ESTUDIOS_PREVIOS,0,
654,https://www.contratos.gov.co/consultas/detalleProceso.do?numConstancia=18-21-2611,VALLE DEL CAUCA - VALLECAUCANA DE AGUAS S.A E.S.P,Cali,Valle del Cauca,SIN_DOCUMENTO,0,
655,https://www.contratos.gov.co/consultas/detalleProceso.do?numConstancia=18-21-7147,LA GUAJIRA - ALCALDÍA MUNICIPIO DE MAICAO,Maicao,La Guajira,SIN_DOCUMENTO,0,
656,https://www.contratos.gov.co/consultas/detalleProceso.do?numConstancia=21-4-12093270,ANTIOQUIA - EMPRESAS PÚBLICAS DE LA CEJA DEL TAMBO E.S.P.,Medellín,Antioquia,SIN_DOCUMENTO,0,
657,https://www.contratos.gov.co/consultas/detalleProceso.do?numConstancia=19-21-8541,ANTIOQUIA - ALCALDÍA MUNICIPIO DE TITIRIBÍ,Titiribí,Antioquia,SIN_DOCUMENTO,0,
658,https://www.contratos.gov.co/consultas/detalleProceso.do?numConstancia=21-21-21569,NORTE DE SANTANDER - ALCALDÍA MUNICIPIO DE LABATECA,Labateca,Norte De Santander,SIN_DOCUMENTO,0,
659,https://www.contratos.gov.co/consultas/detalleProceso.do?numConstancia=21-4-11800866,ANTIOQUIA - EMPRESAS PÚBLICAS DE LA CEJA DEL TAMBO E.S.P.,Medellín,Antioquia,SIN_DOCUMENTO,0,
660,https://www.contratos.gov.co/consultas/detalleProceso.do?numConstancia=19-21-9015,BOYACÁ - ALCALDÍA MUNICIPIO DE SÁCHICA,Sáchica,Boyacá,SIN_DOCUMENTO,0,
661,https://www.contratos.gov.co/consultas/detalleProceso.do?numConstancia=18-1-194557,SANTANDER - ALCALDÍA MUNICIPIO DE BUCARAMANGA,Bucaramanga,Santander,SIN_DOCUMENTO,0,
662,https://www.contratos.gov.co/consultas/detalleProceso.do?numConstancia=20-21-20468,META - ALCALDÍA MUNICIPIO DE CUMARAL,Cumaral,Meta,SIN_DOCUMENTO,0,
663,https://www.contratos.gov.co/consultas/detalleProceso.do?numConstancia=19-21-9000,SANTANDER - INSTITUTO DE VIVIENDA DE INTERÉS SOCIAL Y REFORMA URBANA DE BUCARAMANGA,Bucaramanga,Santander,ESTUDIOS_PREVIOS,0,
664,https://www.contratos.gov.co/consultas/detalleProceso.do?numConstancia=18-1-193148,SANTANDER - ALCALDÍA MUNICIPIO DE PUERTO WILCHES,Puerto Wilches,Santander,ESTUDIOS_PREVIOS,0,
665,https://www.contratos.gov.co/consultas/detalleProceso.do?numConstancia=21-4-12593073,ANTIOQUIA - EMPRESA DE SERVICIOS PÚBLICOS DE SAN JOSÉ DE LA MARINILLA E.S.P.,Marinilla,Antioquia,ESTUDIOS_PREVIOS,0,
666,https://www.contratos.gov.co/consultas/detalleProceso.do?numConstancia=18-21-2440,CUNDINAMARCA - ALCALDÍA MUNICIPIO DE UBATÉ,Villa de San Diego de Ubate,Cundinamarca,ESTUDIOS_PREVIOS,0,
667,https://www.contratos.gov.co/consultas/detalleProceso.do?numConstancia=18-1-192447,CUNDINAMARCA - ALCALDÍA MUNICIPIO DE CAJICÁ,Cajicá,Cundinamarca,SIN_DOCUMENTO,0,
668,https://www.contratos.gov.co/consultas/detalleProceso.do?numConstancia=19-21-10964,ANTIOQUIA - ALCALDÍA MUNICIPIO DE YONDÓ,Yondó,Antioquia,SIN_DOCUMENTO,0,
669,https://www.contratos.gov.co/consultas/detalleProceso.do?numConstancia=19-21-12851,CAR - CORPORACIÓN AUTÓNOMA REGIONAL DE CUNDINAMARCA,Bogotá D.C.,Bogotá D.C.,SIN_DOCUMENTO,0,
670,https://www.contratos.gov.co/consultas/detalleProceso.do?numConstancia=19-22-4544,INSTITUTO COLOMBIANO DE BIENESTAR FAMILIAR (ICBF),Bogotá D.C.,Bogotá D.C.,SIN_DOCUMENTO,0,
671,https://www.contratos.gov.co/consultas/detalleProceso.do?numConstancia=19-1-203411,CUNDINAMARCA - UNIDAD ADMINISTRATIVA ESPECIAL DE VIVIENDA SOCIAL,Bogotá D.C.,Bogotá D.C.,SIN_DOCUMENTO,0,
672,https://www.contratos.gov.co/consultas/detalleProceso.do?numConstancia=19-22-4134,INSTITUTO COLOMBIANO DE BIENESTAR FAMILIAR (ICBF),Bogotá D.C.,Bogotá D.C.,SIN_DOCUMENTO,0,
673,https://www.contratos.gov.co/consultas/detalleProceso.do?numConstancia=20-21-20829,SANTANDER - BANCO INMOBILIARIO DE FLORIDABLANCA,Floridablanca,Santander,SIN_DOCUMENTO,0,
674,https://www.contratos.gov.co/consultas/detalleProceso.do?numConstancia=18-4-8353523,SANTANDER - E.S.P. AGUAS DE BARRANCABERMEJA S.A. - BARRANCABERMEJA,Barrancabermeja,Santander,SIN_DOCUMENTO,0,
675,https://www.contratos.gov.co/consultas/detalleProceso.do?numConstancia=18-1-191770,SANTANDER - ALCALDÍA MUNICIPIO DE SABANA DE TORRES,Sabana de Torres,Santander,ESTUDIOS_PREVIOS,0,
676,https://www.contratos.gov.co/consultas/detalleProceso.do?numConstancia=19-21-15296,GUAVIARE - GOBERNACIÓN,San José del Guaviare,Guaviare,ESTUDIOS_PREVIOS,0,
677,https://www.contratos.gov.co/consultas/detalleProceso.do?numConstancia=21-21-25818,BOYACÁ - ALCALDÍA MUNICIPIO DE GARAGOA,Garagoa,Boyacá,ESTUDIOS_PREVIOS,0,
678,https://www.contratos.gov.co/consultas/detalleProceso.do?numConstancia=19-21-12132,SANTANDER - ALCALDÍA MUNICIPIO DE BUCARAMANGA,Bucaramanga,Santander,ESTUDIOS_PREVIOS,0,
679,https://www.contratos.gov.co/consultas/detalleProceso.do?numConstancia=18-22-1383,INSTITUTO COLOMBIANO DE BIENESTAR FAMILIAR (ICBF),Bogotá D.C.,Bogotá D.C.,SIN_DOCUMENTO,0,
680,https://www.contratos.gov.co/consultas/detalleProceso.do?numConstancia=19-1-205193,SANTANDER - ALCALDÍA MUNICIPIO DE PUENTE NACIONAL,Puente Nacional,Santander,SIN_DOCUMENTO,0,
681,https://www.contratos.gov.co/consultas/detalleProceso.do?numConstancia=22-21-33475,SANTANDER - ALCALDÍA MUNICIPIO DE MOGOTES,Mogotes,Santander,SIN_DOCUMENTO,0,
682,https://www.contratos.gov.co/consultas/detalleProceso.do?numConstancia=21-21-21405,CUNDINAMARCA - ALCALDÍA MUNICIPIO DE CACHIPAY,Cachipay,Cundinamarca,SIN_DOCUMENTO,0,
683,https://www.contratos.gov.co/consultas/detalleProceso.do?numConstancia=22-4-12853984,ANTIOQUIA - EMPRESA DE VIVIENDA DE ANTIOQUIA - VIVA,Medellín,Antioquia,SIN_DOCUMENTO,0,
684,https://www.contratos.gov.co/consultas/detalleProceso.do?numConstancia=18-1-188288,SANTANDER - ALCALDÍA MUNICIPIO DE PUENTE NACIONAL,Puente Nacional,Santander,SIN_DOCUMENTO,0,
685,https://www.contratos.gov.co/consultas/detalleProceso.do?numConstancia=20-1-211957,GUAINÍA - ALCALDÍA MUNICIPIO DE INÍRIDA,Inírida,Guainía,MATRIZ_RIESGOS,0,
686,https://www.contratos.gov.co/consultas/detalleProceso.do?numConstancia=19-21-9512,GUAVIARE - ALCALDÍA MUNICIPIO DE SAN JOSÉ DEL GUAVIARE,San José del Guaviare,Guaviare,ESTUDIOS_PREVIOS,0,
687,https://www.contratos.gov.co/consultas/detalleProceso.do?numConstancia=19-21-12795,META - ALCALDÍA MUNICIPIO DE MAPIRIPÁN,Mapiripán,Meta,ESTUDIOS_PREVIOS,0,
688,https://www.contratos.gov.co/consultas/detalleProceso.do?numConstancia=19-12-9544646,ANTIOQUIA - ALCALDÍA MUNICIPIO DE ENVIGADO,Envigado,Antioquia,SIN_DOCUMENTO,0,
689,https://www.contratos.gov.co/consultas/detalleProceso.do?numConstancia=23-21-36710,BOYACÁ - ALCALDÍA MUNICIPIO DE TIBANÁ,Tibaná,Boyacá,SIN_DOCUMENTO,0,
690,https://www.contratos.gov.co/consultas/detalleProceso.do?numConstancia=19-21-7760,ANTIOQUIA - ALCALDÍA MUNICIPIO DE REMEDIOS,Remedios,Antioquia,SIN_DOCUMENTO,0,
691,https://www.contratos.gov.co/consultas/detalleProceso.do?numConstancia=18-11-8490713,HUILA - GOBERNACIÓN,Neiva,Huila,SIN_DOCUMENTO,0,
692,https://www.contratos.gov.co/consultas/detalleProceso.do?numConstancia=18-4-8360540,INSTITUTO COLOMBIANO DE BIENESTAR FAMILIAR (ICBF),Bogotá D.C.,Bogotá D.C.,SIN_DOCUMENTO,0,
693,https://www.contratos.gov.co/consultas/detalleProceso.do?numConstancia=18-4-8359887,INSTITUTO COLOMBIANO DE BIENESTAR FAMILIAR (ICBF),Bogotá D.C.,Bogotá D.C.,SIN_DOCUMENTO,0,
694,https://www.contratos.gov.co/consultas/detalleProceso.do?numConstancia=20-21-19774,VICHADA - ALCALDÍA MUNICIPIO DE CUMARIBO,Cumaribo,Vichada,SIN_DOCUMENTO,0,
695,https://www.contratos.gov.co/consultas/detalleProceso.do?numConstancia=19-1-203773,SANTANDER - UNIDADES TECNOLÓGICAS DE SANTANDER,Bucaramanga,Santander,SIN_DOCUMENTO,0,
696,https://www.contratos.gov.co/consultas/detalleProceso.do?numConstancia=21-21-22113,CUNDINAMARCA - ALCALDÍA MUNICIPIO DE UBATÉ,Villa de San Diego de Ubate,Cundinamarca,SIN_DOCUMENTO,0,
697,https://www.contratos.gov.co/consultas/detalleProceso.do?numConstancia=22-21-34050,BOYACÁ - ALCALDÍA MUNICIPIO DE NOBSA,Nobsa,Boyacá,SIN_DOCUMENTO,0,
698,https://www.contratos.gov.co/consultas/detalleProceso.do?numConstancia=21-21-28544,VAUPÉS - GOBERNACIÓN,Mitú,Vaupés,ESTUDIOS_PREVIOS,0,
699,https://www.contratos.gov.co/consultas/detalleProceso.do?numConstancia=18-4-7966117,VALLE DEL CAUCA - EMPRESAS PÚBLICAS MUNICIPALES DE CARTAGO,Cartago,Valle del Cauca,SIN_DOCUMENTO,0,
700,https://www.contratos.gov.co/consultas/detalleProceso.do?numConstancia=19-21-13658,HUILA - GOBERNACIÓN,Neiva,Huila,ESTUDIOS_PREVIOS,0,
701,https://www.contratos.gov.co/consultas/detalleProceso.do?numConstancia=19-22-3974,INSTITUTO COLOMBIANO DE BIENESTAR FAMILIAR (ICBF),Bogotá D.C.,Bogotá D.C.,SIN_DOCUMENTO,0,
702,https://www.contratos.gov.co/consultas/detalleProceso.do?numConstancia=20-4-10942545,ANTIOQUIA - EMPRESA DE DESARROLLO URBANO EDU - MEDELLIN,Medellín,Antioquia,SIN_DOCUMENTO,0,
703,https://www.contratos.gov.co/consultas/detalleProceso.do?numConstancia=20-4-11034286,ANTIOQUIA - EMPRESAS PÚBLICAS DE LA CEJA DEL TAMBO E.S.P.,Medellín,Antioquia,SIN_DOCUMENTO,0,
704,https://www.contratos.gov.co/consultas/detalleProceso.do?numConstancia=19-1-199485,SANTANDER - ALCALDÍA MUNICIPIO DE BUCARAMANGA,Bucaramanga,Santander,SIN_DOCUMENTO,0,
705,https://www.contratos.gov.co/consultas/detalleProceso.do?numConstancia=20-21-20040,CUNDINAMARCA - ALCALDÍA MUNICIPIO DE CAJICÁ,Cajicá,Cundinamarca,SIN_DOCUMENTO,0,
706,https://www.contratos.gov.co/consultas/detalleProceso.do?numConstancia=19-22-4196,INSTITUTO COLOMBIANO DE BIENESTAR FAMILIAR (ICBF),Bogotá D.C.,Bogotá D.C.,SIN_DOCUMENTO,0,
707,https://www.contratos.gov.co/consultas/detalleProceso.do?numConstancia=21-21-21596,CAUCA - ALCALDÍA MUNICIPIO DE MIRANDA,Miranda,Cauca,SIN_DOCUMENTO,0,
708,https://www.contratos.gov.co/consultas/detalleProceso.do?numConstancia=21-22-28315,CÓRDOBA - AGUAS DE CÓRDOBA S.A. E.S.P.,Montería,Córdoba,ESTUDIOS_PREVIOS,0,
709,https://www.contratos.gov.co/consultas/detalleProceso.do?numConstancia=19-4-9894884,ANTIOQUIA - EMPRESAS PÚBLICAS DE LA CEJA DEL TAMBO E.S.P.,Medellín,Antioquia,SIN_DOCUMENTO,0,
710,https://www.contratos.gov.co/consultas/detalleProceso.do?numConstancia=18-21-7130,CUNDINAMARCA - ALCALDÍA MUNICIPIO DE ANAPOIMA,Anapoima,Cundinamarca,ESTUDIOS_PREVIOS,0,
711,https://www.contratos.gov.co/consultas/detalleProceso.do?numConstancia=19-1-201812,SANTANDER - ALCALDÍA MUNICIPIO DE BUCARAMANGA,Bucaramanga,Santander,ESTUDIOS_PREVIOS,0,
712,https://www.contratos.gov.co/consultas/detalleProceso.do?numConstancia=19-22-4137,INSTITUTO COLOMBIANO DE BIENESTAR FAMILIAR (ICBF),Bogotá D.C.,Bogotá D.C.,SIN_DOCUMENTO,0,
713,https://www.contratos.gov.co/consultas/detalleProceso.do?numConstancia=19-21-9625,RISARALDA - ALCALDÍA MUNICIPIO DE GUATICA,Guática,Risaralda,SIN_DOCUMENTO,0,
714,https://www.contratos.gov.co/consultas/detalleProceso.do?numConstancia=20-21-21000,NORTE DE SANTANDER - ALCALDÍA MUNICIPIO DE SALAZAR DE LAS PALMAS,Salazar de las Palmas,Norte De Santander,SIN_DOCUMENTO,0,
715,https://www.contratos.gov.co/consultas/detalleProceso.do?numConstancia=21-4-11806414,SANTANDER - E.S.P. AGUAS DE BARRANCABERMEJA S.A. - BARRANCABERMEJA,Barrancabermeja,Santander,SIN_DOCUMENTO,0,
716,https://www.contratos.gov.co/consultas/detalleProceso.do?numConstancia=19-21-12360,ANTIOQUIA - ALCALDÍA MUNICIPIO DE SANTA ROSA DE OSOS,Santa Rosa de Osos,Antioquia,SIN_DOCUMENTO,0,
717,https://www.contratos.gov.co/consultas/detalleProceso.do?numConstancia=20-21-18929,CVC - CORPORACIÓN AUTÓNOMA REGIONAL DEL VALLE DEL CAUCA,Cali,Valle del Cauca,ESTUDIOS_PREVIOS,0,
718,https://www.contratos.gov.co/consultas/detalleProceso.do?numConstancia=19-4-8886086,VALLE DEL CAUCA - EMPRESAS PÚBLICAS MUNICIPALES DE CARTAGO,Cartago,Valle del Cauca,SIN_DOCUMENTO,0,
719,https://www.contratos.gov.co/consultas/detalleProceso.do?numConstancia=20-1-211906,CARDIQUE - CORPORACIÓN AUTÓNOMA REGIONAL DEL CANAL DEL DIQUE,Cartagena,Bolívar,ESTUDIOS_PREVIOS,0,
720,https://www.contratos.gov.co/consultas/detalleProceso.do?numConstancia=19-22-6460,INSTITUTO COLOMBIANO DE BIENESTAR FAMILIAR (ICBF),Bogotá D.C.,Bogotá D.C.,SIN_DOCUMENTO,0,
721,https://www.contratos.gov.co/consultas/detalleProceso.do?numConstancia=19-22-6459,INSTITUTO COLOMBIANO DE BIENESTAR FAMILIAR (ICBF),Bogotá D.C.,Bogotá D.C.,SIN_DOCUMENTO,0,
722,https://www.contratos.gov.co/consultas/detalleProceso.do?numConstancia=18-21-5511,BOYACÁ - ALCALDÍA MUNICIPIO DE TUNJA,Tunja,Boyacá,SIN_DOCUMENTO,0,
723,https://www.contratos.gov.co/consultas/detalleProceso.do?numConstancia=18-4-7846316,ANTIOQUIA - TERMINALES DE TRANSPORTE DE MEDELLÍN S.A.,Medellín,Antioquia,SIN_DOCUMENTO,0,
724,https://www.contratos.gov.co/consultas/detalleProceso.do?numConstancia=18-1-187491,ANTIOQUIA - GOBERNACIÓN,Medellín,Antioquia,SIN_DOCUMENTO,0,
725,https://www.contratos.gov.co/consultas/detalleProceso.do?numConstancia=23-12-13676557,NORTE DE SANTANDER - ALCALDÍA MUNICIPIO DE TIBÚ,Tibú,Norte De Santander,SIN_DOCUMENTO,0,
726,https://www.contratos.gov.co/consultas/detalleProceso.do?numConstancia=19-21-14074,HUILA - ALCALDÍA MUNICIPIO DE ACEVEDO,Acevedo,Huila,SIN_DOCUMENTO,0,
727,https://www.contratos.gov.co/consultas/detalleProceso.do?numConstancia=23-21-40580,META - ALCALDÍA MUNICIPIO DE MESETAS,Mesetas,Meta,SIN_DOCUMENTO,0,
728,https://www.contratos.gov.co/consultas/detalleProceso.do?numConstancia=21-4-11890732,ANTIOQUIA -AQUATERRA EMPRESA DE SERVICIOS PUBLICOS AQUATERRA E.S.P GUARNE,Guarne,Antioquia,ESTUDIOS_PREVIOS,0,
729,https://www.contratos.gov.co/consultas/detalleProceso.do?numConstancia=20-21-19278,GUAVIARE - ALCALDÍA MUNICIPIO DE EL RETORNO,El Retorno,Guaviare,ESTUDIOS_PREVIOS,0,
730,https://www.contratos.gov.co/consultas/detalleProceso.do?numConstancia=18-4-8397885,INSTITUTO COLOMBIANO DE BIENESTAR FAMILIAR (ICBF),Bogotá D.C.,Bogotá D.C.,SIN_DOCUMENTO,0,
731,https://www.contratos.gov.co/consultas/detalleProceso.do?numConstancia=19-21-10873,BOYACÁ - ALCALDÍA MUNICIPIO DE RAMIRIQUÍ,Ramiriquí,Boyacá,ESTUDIOS_PREVIOS,0,
732,https://www.contratos.gov.co/consultas/detalleProceso.do?numConstancia=19-21-9036,ANTIOQUIA - DISTRITO ESPECIAL DE CIENCIA; TECNOLOGICA E INNOVACION DE MEDELLIN,Medellín,Antioquia,SIN_DOCUMENTO,0,
733,https://www.contratos.gov.co/consultas/detalleProceso.do?numConstancia=19-22-5473,INSTITUTO COLOMBIANO DE BIENESTAR FAMILIAR (ICBF),Bogotá D.C.,Bogotá D.C.,SIN_DOCUMENTO,0,
734,https://www.contratos.gov.co/consultas/detalleProceso.do?numConstancia=19-21-15156,GUAVIARE - GOBERNACIÓN,San José del Guaviare,Guaviare,SIN_DOCUMENTO,0,
735,https://www.contratos.gov.co/consultas/detalleProceso.do?numConstancia=19-21-15475,BOYACÁ - ALCALDÍA MUNICIPIO DE TUTA,Tuta,Boyacá,SIN_DOCUMENTO,0,
736,https://www.contratos.gov.co/consultas/detalleProceso.do?numConstancia=18-11-8307596,META - ALCALDÍA MUNICIPIO DE RESTREPO,Restrepo,Meta,SIN_DOCUMENTO,0,
737,https://www.contratos.gov.co/consultas/detalleProceso.do?numConstancia=20-21-20264,VALLE DEL CAUCA - ALCALDÍA MUNICIPIO DE YUMBO,Yumbo,Valle del Cauca,SIN_DOCUMENTO,0,
738,https://www.contratos.gov.co/consultas/detalleProceso.do?numConstancia=20-4-10795553,ANTIOQUIA - EMPRESA DE DESARROLLO SOSTENIBLE DEL ORIENTE EDESO - RIONEGRO,Rionegro,Antioquia,SIN_DOCUMENTO,0,
739,https://www.contratos.gov.co/consultas/detalleProceso.do?numConstancia=19-21-15315,SANTANDER - ALCALDÍA MUNICIPIO DE SABANA DE TORRES,Sabana de Torres,Santander,SIN_DOCUMENTO,0,
740,https://www.contratos.gov.co/consultas/detalleProceso.do?numConstancia=21-21-26647,CAQUETÁ - ALCALDÍA MUNICIPIO DE MILÁN,Milán,Caquetá,SIN_DOCUMENTO,0,
741,https://www.contratos.gov.co/consultas/detalleProceso.do?numConstancia=18-21-4662,BOYACÁ - ALCALDÍA MUNICIPIO DE NOBSA,Nobsa,Boyacá,MATRIZ_RIESGOS,0,
742,https://www.contratos.gov.co/consultas/detalleProceso.do?numConstancia=21-4-11644376,TOLIMA - EMPRESA IBAGUEREÑA DE ACUEDUCTO Y ALCANTARILLADO IBAL S.A. E.S.P.,Ibagué,Tolima,SIN_DOCUMENTO,0,
743,https://www.contratos.gov.co/consultas/detalleProceso.do?numConstancia=23-21-39538,SANTANDER - ALCALDÍA MUNICIPIO DE FLORIÁN,Florián,Santander,MATRIZ_RIESGOS,0,
744,https://www.contratos.gov.co/consultas/detalleProceso.do?numConstancia=19-4-9322651,VALLE DEL CAUCA - EMPRESAS MUNICIPALES DE TULÚA,Tuluá,Valle del Cauca,SIN_DOCUMENTO,0,
745,https://www.contratos.gov.co/consultas/detalleProceso.do?numConstancia=18-1-192767,CASANARE - ALCALDÍA MUNICIPIO DE OROCUE,Orocué,Casanare,SIN_DOCUMENTO,0,
746,https://www.contratos.gov.co/consultas/detalleProceso.do?numConstancia=19-21-10778,SANTANDER - ALCALDÍA MUNICIPIO DE BUCARAMANGA,Bucaramanga,Santander,SIN_DOCUMENTO,0,
747,https://www.contratos.gov.co/consultas/detalleProceso.do?numConstancia=22-12-13388496,NORTE DE SANTANDER - ALCALDÍA MUNICIPIO DE TOLEDO,Toledo,Norte De Santander,SIN_DOCUMENTO,0,
748,https://www.contratos.gov.co/consultas/detalleProceso.do?numConstancia=23-21-37589,BOYACÁ - ALCALDÍA MUNICIPIO DE MONGUI,Monguí,Boyacá,SIN_DOCUMENTO,0,
749,https://www.contratos.gov.co/consultas/detalleProceso.do?numConstancia=19-22-6597,INSTITUTO COLOMBIANO DE BIENESTAR FAMILIAR (ICBF),Bogotá D.C.,Bogotá D.C.,SIN_DOCUMENTO,0,
750,https://www.contratos.gov.co/consultas/detalleProceso.do?numConstancia=22-21-31641,SANTANDER - ALCALDÍA MUNICIPIO DE JESÚS MARÍA,Jesús María,Santander,SIN_DOCUMENTO,0,
